0,0,0,0,0.139545,0,0,0,0,0,0,0,0,0,0,0,0,0,0,0,0,0,0,0,0,0,0,0,0,0.0216925,0,0,0,0,0,0,0,0,0,-0.000186028,0,0,0,0,0,0,0,0,0,0,0,0,0,0,0,0,0.117578,0,0,0,0,0,0.0004366,0,0,0,0,0,0,0,0,0,0,0,0,0,0,0,0,0,0,0,0,0,0,0,0,0,0,0,0,0,0,0,0,0,0,0,0,0,0,0,0,0,-0.000717187,0,0,0,0.156337,0,0,-0.00228286,0,-0.00036954,0,0,0,0,0,-0.0123933,0,0,0,0,0,0,0,0,0,0,0,0,0,0,0,0,0,0,0,-0.000436302,-0.000469239,0,0,0,-8.03248e-05,0,0,0,-0.0571598,0,0,0,0,0,0,0,0,0,-0.0329857,0,0,0,0,0,0,0,0,0,0,0,0,0,0,0.00143609,0.00265655,0.000670269,0,0,0,0,0,0,0,0,0.00260523,0,0,0,-0.00060284,0,0,0,0.0153133,0.0239193,0.111431,0.00300429,0,0,0.00950612,2.10972e-05,0,0,0.0217044,0,0.0497543,0,0,0,0,0,0,0,0,0,0,0,0,0,0,0,0,0,0,0,0,0,0,0,0,0,0,0,0,0,0,0,0,-0.137221,0,0,0,0,0,0,0,0,0,0,0,0,0,-0.0751436,0,-0.00109291,0,-0.00212151,0,-0.00646923,0,0,-0.16146,0,0,0,0,-0.0752422,0,0,0,-0.137304,0,0,0,0,0,0,0,0,0,0,0,0,0,0,0,0,0,0,0,0,0,0,0,0,0.258926,9.1275e-05,0,0,-0.00204814,0,0,0,0,0,0,0,0,0,0,0,0,0,0,0,0,0,0,0.00368699,0,0,0,0,0,0,0,0,0,0,0,0,0,0,0,0,0,0,0,0,0,-0.000735269,0,0,0,0,0,0,0,0,0,0,0,0,0,0,0,0,0,0,0,0,0,0,0,0,0,0,0,0,0.000236316,0,0,0,0,0,0,0,0.0292224,0,0,-0.00492589,0,-0.13804,0,0,0,0,0,0,0,0,0,0,0,0,0,0,0,0,0,0,0,0,0,0,-0.235956,-0.0766151,0,0,0.0526701,-2.89822e-05,0,0,0,0,0,-0.145658,0,0,-0.00238421,0,0,0,0.000149389,0,0,0,0,0.112825,0.0444829,0,0,0.102885,0.0410909,0,0,0.00052896,0,0,0.000106713,0.00491709,0.116159,0,0,0.00777595,0,0,-0.0626028,0,0,0,0,0.0952481,-0.221949,-0.000252385,0.00156527,0,0,0,0,-0.0486181,0,0,0,0,0,0,0,0,0.00056543,-0.000337606,0,0,0,0,0,0,0,0,0,0,0.10972,-0.000876467,0,0,0,0,0,0,0,0,0,0,0,0,0,0,0,0,0.0424658,0,0.000410859
1,0,0,0,0.0742294,0,0,0,0,0,0,0,0,0,0,0,0.180017,0,0,-0.0150655,0,0.0327218,0,0,0,0,0,0,0,0,-0.115643,0,0,0,0,0,0,0,0.000773759,0,0,0,0,0,0,-0.00175778,0,0,0,0,0,0.000493386,0.000240221,0,0,0.000617428,0,0,0,0,0.0363217,0,0,0,0,0,0,0,0,0,0,0,0,0,0,0,0,0,0,6.49767e-05,0,0,0,0.211546,0,0.056114,0,0,0,0,0,0,-0.000285462,0,0.00128974,0,0,0,0,0,0,0,0,0,0,0.000639425,0,0,0.0702824,0,0,0,0,-0.0722409,0,0,0,0,0,0,-0.000436061,-0.239276,-0.000348738,0,0,0,0,0,0.0204175,0,0,0,0,0.000370573,0.000957513,0,0,0,0,0,0,0,0,0,0,0,0,0,0,-0.000145858,0,0,0,0,0,0,0.00426382,0,0,0,0,0,0,0,0,0,0,0,0,-0.00027768,0,0,0,0,0,0,-0.0178419,0,0,0,0,-0.0615926,0,-2.79267e-05,0,-0.0100236,0,0,0,0,-0.0561676,0.026751,0,0,0,0,0.0105798,0,0,0,0,0,0,0,0,0,0,0,0,0,0,0,0,0,0,0,0,0,0,-0.00212626,-0.184285,0,0,-3.01456e-05,0,0,0,0,0,0,0,0,0,0,0,0,0,0,0,0,0,0,0,-0.000159112,0,0,0,0,0,0,0,0,0,0,0,0,0,-0.000689912,0.00015067,0,-3.07929e-05,0,0,0,0,0,0,0,0,-0.0502541,-0.00120223,0,0,0,0,0,0,-0.195471,0,5.06994e-05,0,0,0,-0.00241045,0,0,0,0,0,0,0,0,0,0,0,0,0,-0.00242694,-0.140507,0,0,-0.00177948,0,0,0,0,0,0,0,0,0,0,0,0.00595943,0,0,0,0,0,0,0,0,0,0,0,0,0,0,0,-0.000365276,0,-0.00114295,0,0,0,0,0,0,0,0,0,0,0,0,-0.0011534,0,0,0,0,0,0,0,0,0,0,0,0,0,0,0,0,0.00559574,0.000664338,0.0126253,0.0146684,0.0073818,9.44447e-05,0,0,0,0,0,0,0,0,0,0.00036136,0,-0.102264,-0.00366112,0,0,0,0,-0.0168266,-0.00144732,-0.00410638,0,0,0,0,0,0,0,0,0,0,-0.145726,0,-0.0049958,0,0,-0.0629038,0,-0.0711471,0,0,0,0.0248627,0,0,0,0,0,0,-0.000749154,0,0,0,0,0,0,0,-0.000980244,0,0,0,0,0,0,0,0,0,0,0,7.30914e-06,0.000885737,0,0,0,-0.000335776,0,0,0,0,0,0,0,0,6.10202e-05,0,0,0,0,0,0,0.0544269,0,-0.0310604,0,0,0,0,0,0.0973049,0,0,0,0.0494918,0.000174166,0.0404225,0,0,0,0.0703591,0.0775669,0,0,0.00070889,0,4.47828e-05,0,0,0,0,0,0,0,0,0,0,0.077781,0,0,0,0,0,0,0,0,0
2,0.00665332,0,0,0,0,0,0,0,0,0,0,0,0.0212006,0,0.291604,0,0,0,-0.0951492,0,0,0,0,0,0,0,0,0,0,0,0,0,0,0,0,0,0,0,0,0.000254954,0,0,0,0,0,0,0,0,0,0.00304601,0.0018941,0,0,0,0,0,0,0,0,0,0,0,0,0,0,-0.170696,0,0,0,0,-0.172079,0,0,0,-0.000142602,0,0,0,0,0,0.000492129,0,0.0730587,0,0,0,0,0,0,0,0.00106192,0,0,0,0,0,0,0,-0.000336553,0,0,0,0,0,0,0,0,0,0,0.00110726,0,0,0,0,0,0,0,0,0,0,0,0,0,0,0,0,0,0.00587074,0,0,0,0,0,0,0,0,0,0,0,0,0,-0.0247188,-0.00195424,0,0,0,0,0,0,0,0,0,0,-0.000218288,0,0,0,0,0,0,0,0.00247,0,0,0,0,-0.20434,0,0,0,-0.0422721,-0.323323,0,0,0,0,0,0,0,0,-0.000930774,0,0,0,-0.000131406,-0.000789157,0,0,0,0,0,0,0,0,0,0,0,0,0,0,0,0,0,0,0,0,0,-0.0314069,-4.56493e-05,0,0,0,0,0,0,0,0,0,0,0,0,-0.0832251,0,0,-0.00068603,-0.000256557,0,-0.000353785,0,0,0,-0.000558232,0,0,-0.0266236,0,0,0,0,0,0,0,-0.000212264,0,0,0,0,0,0,0,0,0,0,0,0,0,0,0,0,0,0,0.00166571,0.0292175,0,0,0,0,0,0,0,0,0,0,0,0,0,0,0,0,0,0,0,0.0836391,0,0,0,0,-0.0277762,0,0,0,0,0,0,0,0,0,-0.118989,-0.0105694,-0.0150276,0,0,0,0,0,0,0,0,0,0,0,0,0,0,0,0,0,0,0,0,0,0,0,0,0,0,0,0,0,0,0,0,0,0,0,0,0,0,0,0,0,0,0,0,0,0,0,0,0,0,0,0,0,0,0,0,0,0,0,0,0,0,0,0,0,0,0,0,0,0,0,0,0,0,0,0,0,-0.164473,-0.144926,0,0,-0.0128313,-0.0012753,0,0,0,0,-0.00108152,0,0,-0.00115846,-0.0428585,0,0,0,0,0,0,0,0.0168775,0,0.237453,0,0,0,0.00305647,0.0727378,0,0,0.199331,0.000710935,0,0,0,0,0,-0.166761,0,6.04115e-05,0,0,0,0,-0.0618372,0,0,-0.158004,0,0.0294439,0.00294809,0,0,0,0,0,0,0,0.000264962,0,8.32398e-05,0.00227035,0,4.06942e-05,0.0898555,0,0,-0.000112157,0.0465082,0.000947137,0,0,0,0,0,0,0,0,0,0,0,0.00756152,0,0,0.0654725,0.0463313,0,0,0,0,0,0,0,0,0,0,0.100293,0,0.0467401,0,0,0,0,0.0999731,0,0.0438163,0,0,0,0,0,0,0,0,0,0,0,0,0,0,0
3,0,0,0,-0.0664768,0,0.0739464,0,0,0,0.0259782,0,0,0,0,0.00412091,0,0,0,-0.187409,0,0,0,0,0,0,0,0,0,0,0,0,0,0,0,0,0,0,0,0,0.00125283,0,0,0,0,0,0,0,0,0,0,0,0,0,0,0,0,0,0,0,0,0,-0.0474696,0,0,0,-3.88467e-05,0,0,0,0,0,0,0,0,0,0,0.00015821,0,0,0,0,0,0,0.00110244,0,0,0,0,0.00194811,0.0935494,0.0349422,0,0,0,0.018357,0.000376185,0,0,0,-0.000119574,0,0,0,0,0,0,0,0,0,0,0,0.0315919,0,0,0,0,0,0,0,0,0,0,0,0,0,0,0,0,0,0,0,0,0,0,-3.24164e-05,0,-0.000700627,0,0,0,0,0,-0.00186476,0,0,0,0,0,0,0,0,-0.000207144,0,0,0,0,0,0,0,0,0,0,0,0,0,0,0,0,0,-0.0738544,0,0,0,0,0,0,0,0,0.0139729,0,0,0.0483335,0,0,-0.00080747,-0.00849669,0,0,0,0,0,0,0,0,0,0,0,0,0,0,0,0,0,0,0,0,0,0,0,0,0,0,0,0,0,0,0,0,0.00408548,0,0,0,0.0167537,0,0,0,-0.0596092,0,0,0,0,0,-0.0851121,0,0,0,0,0,0,0,0,0,0,0,0,0.000103884,0,0,0,0,0,0,0,0,0,0,0,0,0,0,0,0,0,0,0,0,0,0,0,0,0,0,0,0,0,0,0,0,0.000280497,0,0.0260915,0,0,0,0,0.0601399,0,0,0.00562586,0,0,0,0,0,0,0.00218869,0.0891652,0,0,-0.000476468,0,0,0.00197612,0,0,0,0,0.00137891,0,0,0,0,0,0.000145132,0.373406,0,0,0,0,-0.0470127,0,0,0,0,0,-0.00070398,0,-0.000273766,0,0.320476,0,0.103899,0,0,0,0,0,0,0,0,0,0,-0.268988,0,0.000404528,0,0,-0.19015,0,0,0,0,0,0,0,0,0,0,0,-0.000316089,0,0,0,0,0,0,0,0,0,0,0,0,0,0,0,0,0,-7.70617e-05,0,0,0,0,0,0,0,0,0,0,0,-0.000219932,-0.000659579,0,-0.000219108,0,0,0,0,0,0,0,0,0,-0.000726976,0,0,0,0.0836508,0,0,0,0,0.00203348,0,0,0,0,0,0,0,-0.00115876,0,0,0,0,0,0,-0.000644055,0.06247,0,-0.10681,0,0,0,0,0,0,0,0,0,0,0,0,0,0,0,-0.281084,-0.0920553,0,0,0,0,0,0,0.2607,0,0,0.0441638,0.0081449,0,0.069351,0,0.00149541,0,0.00250513,0.00460965,0,0,0,0,0,0,0,0,0,0,0.0114088,0,0,0,0,0,0,0,0,-2.43975e-06,0,0.187835,0.0191615,0,0,-0.00249787,0,0,0,0,0,0,0,0,0
4,0,0,0,-0.093012,0,0,-0.00018358,0,0,0,0,0.000626101,0,0,0,0,0,0,-0.151656,0,0,0,0,0,0,0,0,0,0,0,0,0,0,0,0,0,0,0,0,0,0.00298356,0.00637031,0,0,0,0,0.0574407,0,0,0,0,0,0,0,0,0,0,0,0,0,0,0,0,0,0,0.000611086,0,0,0,0,0,0,0,0,0,0,0,0,0,0,0,0,0,0,5.30244e-05,0,0,0,0,0,0,-0.0645291,0,0,0,0,0,0,0,0,0,0,0,0,0,0,0,-0.0533703,-0.00501669,-0.00133164,0,0,0,0,0,0,0,-0.000345187,0,0,0,0,0,0,0,0,-0.0108846,0,0,0,0,-0.040713,-0.246663,0,-0.0167194,0,0,0,0,0,0,0,0,0,0,0,0,-0.00245484,0,0,0,-0.140716,0,0,0,0.0829484,0,0,0,0,-7.22418e-05,0,0,0,0,0,0,0,-0.0132446,-0.00222357,0,0,0,0,0,0,0,0,0,0,0,0,0,0,0,0,0.00121837,0,0,0,0,0.0564976,0,0,0,0,0.0811504,0,0,0,0,0,0,0,0,0,0,0,0,0,0,-0.0570345,0,0,-0.0258575,0,0,0.000787278,0.0766176,0,0,0,0,0,0,0,0,0,0,0,0,0,-0.0365898,0,0,0,0,0,0,0,0,-0.000278973,-0.000707721,0,0,0,0,0,0,0,0.0001638,0,0,0,0,0,0,0,0.00015564,0,0,0.0923202,0,0,0,0,0,0,0,0,0,0,0,0,0,0,0,0,0.0658291,0,0,0,0,0,0,0.00123599,0,0.0146782,0.0496206,0,0,0,0,0,0,0.00249458,0,0,0,0,0,0,0,0,0,0,-0.00755221,0,0,0,0,0,-0.0112834,0,0.145371,0,0,0,0,0,0,0,0,0,0,0,0,0,0,0,0,0,0,0,0,0,0,0,0.033009,0.213954,0,0,0,0,0,0,0,0,0,-0.000183218,0,0,0,0,0,0,0,0,0,0,0,0,0,0,0,0.156936,0,0,0,0,0,0,0,0,0,-0.00412286,0,0,0,0,0,0,-0.000804022,0,0,0,0,-9.34695e-07,-0.00236785,0,-0.000439465,0,0,0,0,0.0969762,0,0,0,0,0,-0.00163538,0,0,0,-0.136619,0,0,0,0,-0.112117,0,0,0,0,-0.213511,0.0342826,0,0,0,0,0,0,0,0,0,-0.000560491,0,-0.00520438,-0.0630388,-0.000743358,0,-4.17149e-06,-0.000332718,0.000495332,0,0,0,-0.000880447,0,0,0,0.00271209,0.0255573,0,0,0,0.000588396,0,0.000626648,0.0601657,0,0,0,0,0,0,0,-5.99781e-05,0,0,0.212611,0,0.0752052,0,0,0,0,0.00174543,0,0,0,0,0.110264,0,0,0,0.00951053,0,-0.000173263,0,0,0,0,0,0.0308504,0.00404907,0.0413953,0,0,0,0,0,-0.00433288,0,0,0,0,0,0
5,0,0,0,-0.0197634,0,0,0,0,0,-0.00618136,0,0,0,0,0.000604736,0,0,0,-0.0222952,0,0,0,0,0,0,0,0,0,0,0,0,0,0,-0.000198081,0,0,0,0,0,0,0,0,0,0.00598439,0,0,0,0,0,0.131026,0,0.00116981,0,0,0,0,0,0,0,0,0,0,0,0,0,0,0,0,0,0,0,0.00191798,0,0,0,0,0,0,-0.067555,0,0,0,0,0,-4.88291e-05,0,0,0,0,0,0,0,0,0,0,-0.107412,0,0.000854855,0,0.127801,0,0,0,0,0,0,-0.0678068,0,0,-0.0694148,-0.000470605,0,0,0,0,0,0,0,0,0,0,0,0.263072,0,0.163698,0,0,0,0,0,0,0,0,-0.00141985,-0.0849719,-0.0345493,0,0,0,0,0,0,0,0,-0.000621005,0,0,0,0,-0.180636,-0.000622313,0,0,-0.0280298,-0.00570562,0,0,0,0,0,-0.00022443,-0.000310225,-0.110233,0,0,0,0,0,-0.00247389,-0.00128749,0,0,0,0,0,0,0,0,0,0,0,0,0,0,0,0,0,0,0,0,0,0,0,-0.00222697,0,0,0,0,0,0,0,0,0,0,-0.0326826,0,0,-0.0165117,0,0,0,0,0.0537363,0,0,0,0,0,0,0,0,0,0,0,0,-5.72793e-05,0,0,0,0,6.49733e-05,0,0,0,0,0,0,0,0,0,0,0,0,0,0,0,0,0,0,0,0,0,0,0,0.00834324,0,0,0,-0.000605453,0,0,0.00103924,0,0,0,0,0,0,-0.00123514,0,0,0,0,-0.0010971,0,0,0,0,0,0,0,0,0,0,0,0,0,0,0,-0.0019534,0,0,0,0,0,0,0,0,0,0,0,0,0,0,0,0,0,0,0,0,0,0,0,0,0,0,0,0,0,-0.0145979,0,0,0,0,0,-0.0321159,0,0,0.000793776,0,0,0.000730263,0,0,0,0,0,0,0,0.00201245,0,0,0,0,0.0332821,0,0,0,0,0,0,0,0,-0.0036469,0,0,0,0,0,0,0,0,0,0,0,0,0,0,0,0,0,0,0,0,0,0,0,0,0,0,0.000671257,0.108266,0,0,0,0,0,0,0,0.00101613,0,-0.0325489,0,0,0,0,0,8.34656e-05,0.265794,0,0,0,0,0,0,0,-0.0903072,-0.014729,0,0,0.000114988,0,0,0.000283384,0,0,0.0188907,0,0,0,0.095802,0,0.0773202,0,0,-0.000122336,0,0,0,0,0,0,0,0,0,0,0,0,0,0,0.0214494,0,0.00417406,0,0,0,0,0,0,0,0.002592,0,0,0,0,0,0,0,-0.0776798,0,0,0,0,0,0.0882137,5.7586e-05,0,0,0,0,0,0,0,0,0,0,0,0,0,0,0,0,0,0,0,0,0,0,0,0,0,0,0,0,0,0,0,0,0,0.0670295
6,0,0,0,0,0,0,0,0,0,0,0,0,0,0,0,0,0,0,-0.159897,-0.0737036,0,0,0,0,0,0,0,0,0,0,0,0,0,0,0,0,0,0,0,-0.000319937,0,0,0,0,0,0,0,0,0,0,0,0,0,0,0,0,0,0,0,0,0,0,0,0,0,0,0,0.00618125,0.00701351,0,0,0,0,0,0,0,0,-0.021474,0,6.01004e-05,0,0,0,0,0,0.000529392,0.0418285,0,0,0,0,0,0.0853637,0,0,-0.128988,0,0.23296,0,0.0643287,0,0,0,0,0,0,0,0,0,0,-0.000166709,0,0.079984,0,0,0,0,0,0,0,0.0321246,0,0,0,0.110816,0,0,0,0,0,0,0,0,0,0,0,0,0,0,0,0,0,0,0,0,0,0,0,0,-0.144748,0,0,0,-0.00292951,-0.00417329,0,0,0,0,0,0,0,-0.00115546,0,0,0,0,0,0,0,0,0,0,0,0,0,-0.00093478,0,0,0,0,0,0,0,0,0,0,0,0,0,0,-0.0346412,-0.0196643,0,0,0,0,0,0,0,0,0,0,0,0,0,0,0,0,0,0,0,0,0,0,0,0,0,0,0,0,0,0,0,0,0,0,0,0,0,0,0,0,0,0,-0.000586353,0,0,0,0,0,0,0,0,0,0,0,0,0,0,0,0,0,0,0,0,0,0,0,0,0,0,0,0,0,0,0,0,0,0,0,0,0,-0.00184112,0,0,0,0,0,0,0,0,0,0,0,0,0,0,0,0,0,0,0,0,0,0,0,0,0,0,0,0,0,0,0,0,0,0,0,0,0,0,0,0,0,0,0,0,0,0,0,0,0,0,0,0,0,0,0.0768548,0.0026822,0,0.000124755,0,0,0,0,0,0,0.00375103,0,0,0,0,0,0,0,0,0,0,0,0,0,0,0,0,0,0,0,0,0,0,0,0,0.000716995,0,0,0,0,0,0,0,0,0,0,0,0,-1.49588e-06,0,0,0,0.108955,8.51371e-07,0,0,0,0,0,0,0,0,0,0,0,0,-0.00102948,0,-0.00117785,0,0,0,0,0,0,0,0,0,0,0,0,0,0,0,0,0,0,0,0.0420808,0,0,0,0.131531,0.0286664,0.000318075,0.106011,0,0,-0.000359809,0,0,0,0,0,0,0,0,0,0,0,0,0,0,0,0,0,0,0,0,0,-0.000352685,0,0,0,0,0.01876,0,0,0,0,0,0,0,0,0,0,0,0,0,0,0,0,0,0,0,0,0,0,0,0,0,0,0,0,0,0,0,0,0,0,0,0,0,0,0,0,0,0,0,0,0,0
7,0,0,0,0,0,0,0,-0.164387,0,0,0,0,0,0,0,0,0,0,-0.000445069,0,-0.0014567,0,-4.32047e-05,0,0,0,-0.000315104,0,0,0,0,0,0,0,0,0,0,0,-0.000723002,0,-2.42179e-05,0,0,0,0,-0.115889,-0.0750311,0,0,0,0,0,0,0,0,0.0530871,0,-5.54733e-05,0,0,0,0,0,0,0,0,0.0323948,0.00956442,0,0,0,0,0.114899,0.122992,0,0,0,-0.000826808,0,0,0,0,0,0,-0.177256,0.129759,0.144966,0,0,0.00201498,0,0,0.42254,0,0.000436598,0,0,0.000181261,0,0,0,0,0,0,0,0,0,0,0,0,0,0,0,0,0,0,0,0,0,0,0.0379803,0,0,0,0,0,0,0,0,0,0,0,0,0,0,0,0,0.0349892,0,0,0,0,0,0,0,0,0,0,0,0,0,0,0,0,0,0,0,0,0,0,0,0,0,0,0,0,0,0,0,0,0,0,0,0,0,0,0,0,0,0,0,0,0,0,0,0,0,0,-0.0425558,0,0,0,0,0,0,0,0,0,0,0,0,-0.00673144,0,0,-0.0313871,0,0,0,0,0,0,0,0,0,0,0,0,0,-0.000628865,0,0,0,0,-0.0080497,0,-0.000280991,0,-4.24218e-05,0,0,0,0,0,0,0,-0.00089153,0,0,0,0,0,0,0,0,0,0,0,0,0,0,0,0,0,0,0.00105056,0,0,0,0,0,0,0,0,0,0,0,0,0,0,-0.0323483,0,0,0,0,0,0,0,0,0,0,0,0,0,0,0,0,0,0,0,0,0,0,0,0,0,-0.010368,0,0,0,0,0,0,0,0,0,0,0,0,0,0,0,0,0,5.17995e-05,0.00780531,0,0,0,0,0,0,0,0,0,0,0,0,0,0.141338,0,0,0,0,0,0,0,0,0,0.000664178,0,0,0,0,0,0,0,0,0,0,0,0,0,0,0,0,0,0,0,0,0,0,0,0,0.000109596,0,0,0,0,0,0,0,0,0,0,0,-0.000197724,0,0,0,0,0,0,0,0,0,0,0,0,0,0,0,0,0,0,0,0,0,0,-0.00100954,0,0,0,6.92007e-05,0,0,0,0,0,0,0,0,0,0,0,0,-0.0264878,0,0,0,0.133706,0.0325495,0,0,0,0,0,0,0,0,-0.000509164,0,0,0,0,0,0,0,0,0,0,0,0,0.000360575,0,0,0,0,0,0,0.00304675,0.000304063,0,0,0,0,0,0,0,0,0,0,0,-0.000302299,0,0,0,0,0,0,-0.0223904,0,0,0,0,0,0,0,0,0,0,0,0,0,0,0,0,0,0,0,0,0,0,0,0,0,0,0,0,0,0
8,0,0,0,0,0,0,0,-0.000644604,0,0,0,0,0,0,0,0,0,0,-0.000677222,0,0,0,0,0,0,0,0,0,0,0,0,0,0,0,0,0.00581834,0,0,-4.31683e-05,-0.000176748,0,0,0,0,0,0,0,0,0,0,0,0,0,-0.0812363,0,0.0801045,0,-0.0179833,0,0,-0.256401,0,0,0,0,0,0.192407,0,0,0,0,0,0,0.013131,0.00348772,0,0,0,0,0,0,0,0,0,0,0,0.166916,0,0,0.170942,0,0,0.00188802,0,0,0,0,0.0773665,0,0,0,0,0,0,0,0,0,0,0,0.0231516,0,0,0,0,0,0,0,0,0,0,0.00311182,0,0,0,0.000826855,0,0,0,0,0,0,0,0,0,0,0,0,0,0,-0.0151601,0,0,0,-0.0104185,0,0,0,0,0,0,0,0,0,0,0,0,0,0,0,0,0,0,0,0,0,0,0,0,0,0,0,0,0,0,0,0,0,0,0,0,0,0,0,0,0,0,-0.00330119,0,0,0,0.000450895,0,0,0,0,0,0,0,0,0,0,0,0,0,0,0,0,0,-0.0527029,0,0,0,0.00203902,0,0,0,0,0,0,0,0,0,0,0,0,0,0,0,0,0,0,0,0,0,0,0,0,0,0.000105462,0,0,0,0,0,0,0,0,0,0,0,0.0357319,0,0,0,0,0,0,0.000234471,0,0,0,0,-0.000188904,0,0,0,0,0,-0.0241378,-0.0972722,0,0,0,0,0,0,0,0,0,0,0,0,0,0,0,0,0,0,0,0,0.103173,0,0,0,0,0,0,0,0,0,0,0,0,0,0,0,0,0,0,0,0,0,0,0,0.136744,0,0,0,0,0,0,0,0,0,0,0,0,0,0.0230786,0.00874567,0,0,0,0,0,0,0,0,0,0,0,0,0,0,0,0,0,0,0,0,0,0,-0.136668,0,0,0,0,0,0,0,0,0,0,0,0,0,0,0,0,-0.0516837,0,0,0,0,0,-0.147863,-0.00180991,0,0,0,0,0,0,0,0,0,0,0,0,0,0,0,0,0,0,0.00237344,0,0,0,0.0076953,0,0,0,0,0,-0.000881562,0,0,0.0139121,0,-0.000647438,0,0,0,0,-0.130244,0,0,0,0.000882384,0,0,0,0,0.157312,0,0,0,0,-0.0503074,0.230804,0,0,0,0,0,0,0,0.0615099,0,0,0,0,0,0,0,0,0,0,0,0,0,-6.20776e-05,0,0,-0.127584,0,0,0,0,0,0,-1.33114e-05,0,0,0,0,0,0,0,-0.00136506,0,0,0,0,0,0,0,0,-0.164081,0,0,0,-0.000205759,-0.000892153,0,0,0,0,0,0,0,0,0,0,0,0,0,0,0
9,0,0,0,0,0,0,0,0,0,0,0,0,0,0,0,0,0,0,0,0,0,0,0,0.00100006,0,0,0,0,0,0,0.000270126,0,0.00263471,0,0,0.10941,0.00131622,0,0,-0.00137712,0,0,0,0,0,0,0,0,0.000199868,0,0,0,0,0,0,0.0933154,0,-0.0117201,4.02167e-05,0.0128282,0,0,0,0,0,0,0.146746,0,0.000755333,0,0,0,0,0,0,0,0,-0.113041,0,0,0,0,0,0,0,0,0.000823959,0,0,0.229971,-0.0594914,0,0.00141011,0,0,-0.214519,0,0.15156,0,0,0,0,0,0,0,0,-0.0550536,0,0,0,0,0,0,0,0,0,0,0,0,0,0.00322268,0,0.0582946,0,0.00130097,0,-7.13964e-05,0,0,0,0,0,-8.38521e-05,-0.000123294,-6.9312e-05,0,0,0,0,0,0,0,0,-0.000530909,-0.0229267,0,0,0,-0.0103754,-0.019619,0,0.000563158,0,0,0,0,0,0,0,0,0,0,-0.00180923,0,0,0,0,0,0,0,-0.124768,0,0,0,0,0,0,0,0,0,0,0,0,0,0,0,0,0,0,0,0.00124195,0,-0.0180672,0,0,0,0,0,0,0,0,0,0,0,0,0,0,0,0,0,0,0,0,0,0,0,0,0,0,0,0,0,0,0,0,0,0,0,0,0,0,0,0,0,0,-0.00164683,0,0,0.000247333,0,0,0,0,0,0,0,0,0,0,0,0,0,0,-0.000721184,0,0,0,9.1675e-06,0,0,0,-0.00105135,-0.00624555,0,0,0,0,0,0,0,0,0,0,0,0,0,0,0,0.00103506,0,0,0,0,0,0,0,0,0,0,0,0,0,0,0,0,0,0,0,0,0,0,0,0,0,0,0,0,0.0008957,0,0,0,0,0,0,0.000896229,0,0,0,0,-0.000358841,0,0,0,0,-0.0548447,-0.0364219,0,-0.100934,0.000379475,0,0,0.00140282,0,0,0,0,0,0,0,0,0,0,0,0.169262,0.0155482,0,0,0,0,0,0,0,-0.00635038,0,0,0,0,0,0,0,0,0,0,0,0,0,0,0,0,0,0,0,0,0,0,-0.00142927,-0.10884,0,0.172689,0.00273237,0,0,0,0,0,8.44475e-06,0.000190662,0,0,0,0,0,0,0,-0.0295505,0,0,0,0,0.0638744,0,0,0,0,0,0,0,0,0.000583478,0.0022012,0,0,0.00349124,0,0,-0.153552,0,0,0,-0.00400546,0,0,0,0,0.262404,0,0,0,0,-0.160423,0.000462016,0,0,0,0,0.000254064,0,0,0,0,0,-0.0247999,0.000556517,0,-0.00263358,0,0,0,0,0.000704203,0,0,0,0,0.123376,0,0,0,0,0,0,0,0,0,0,0,0,0,0,0,-0.000271318,0,0,-0.0365963,0,0,0,0,0,-0.0761748,0,0,0,0,-0.195029,0,0,0,0,0,0,0,0,0,0,0,0,0,0,0
10,0,0,0,0,0,0,0,0,0,0,0,0,0,0,0,0,0,0,0,0,0,0,0,0,0,0,0.00253515,0,0,0,0,0,0,0,0,0,0.00430565,0,0,-0.134429,0,0,0,0,0,0,0,0,0,0,0,0,0,0,0,0,0,-9.40684e-05,0,0,0,0,0,0,0,0,0.179429,0.0198069,0,0,0.000377023,0,0,0.000123122,0,0,0,-0.110287,0,0,0,0,0,0,0,0,0,0,0,0,-0.0802272,0,0.15131,0,0,0,0,0,0,0,0,0,0,0,0,0,0,0,0,0,0,0,0,0,0,0,0,0,0,0,0.0923518,0,0.000611421,0,0.000708822,0,0,0,0,0,0,0,0,-0.000543735,0,0,0,0,0,-0.0827854,0,-3.36732e-05,0,-0.000185233,0,0,0,0,0,0,0,0,0,0,0,0,0,0,0,0,0,0,0,0.00577295,0,0,0,0,0,0,0,0,0,0,0,0,0,0,0,0,0.000155455,0,0,0,0,0,0,0,0,0,0,0,0,0,0,0,0,0,0,0,0,0,0,0,0,0,0,0,0,0.000641604,0,0,0.159747,0,0,0,0,0,0,0,0,0,0.000195953,0,0,0,0.000281102,0,0,0,0,0,0,0,0.00172351,0,0,0,0,0,0,0,0,0,0,0,0,0,0,0,0,0,0,0,0.0257055,0,0,0.157218,0,0,0,0,0,0,0,0,0,0,-0.000214471,0,-0.000138197,0,0,-0.110358,0,0,0,0,0,0,-0.0971093,0,0,0,0,0,0,0,0,0,0,0,0,0,-0.000489306,0,0,0,0,0,0,0.00164856,0,0,0,0,0,0,0,0,0,0,0.0216732,0,0.0263139,0,0,0,0,0,0,0,0,0,0,0,0,0,0,0,0,0,0,0,0,0,0,0,0,0,0,0,0,0,0,0,0,0,0,0,0,0,0,0,0,0,0,0,0,0,0.00299846,0,0,0.0284665,0,0,0,0,0,0,0,0,0,0,0,-0.0173072,-0.0775169,0,0.0828722,0,0,0,0,0,0,0.000716102,0.110816,0,0,0,0,0,0,0,0,0,0,0,0,0,0,-0.0025297,0,0,0,-0.000229535,-0.00301774,0,0,0,0,0,0,0,0,-0.000409551,0,0,0,0,0,0,0,0,0,0,-0.00015235,-0.000110546,0,0,0,0,0,0,0,0,0,0,0,0,0,0,0,0,0,0,-0.0133426,0.0650212,0,0.00136192,0,0,0,0,0,0,0,-0.000475317,0,0,0,0,0,0,0,0,0,0,0,-0.275133,-0.0258413,0,0,0,0,0,0,0,0,-0.0528745,0,0,0,0,0,0,0,0,0,0,0,0,0,0,0,0,0,0,0,0
11,0,0,0,0,0,0,0,0,0,0,0,0,0,0,0,0,0,0,-0.0164315,0,0,0,0,0,0,0,0,0,0,0,0,0,0,0,0,0,0,0,0,-0.038653,0,0,0,0,0,-0.140025,-0.000263121,0,0.000214616,0,0,0,0,0,0,0,0,0,0,0,0,0,0,0,0,0,0.107038,0,0,0,0,0,0,0.00377842,0,0,0,-0.036696,0,0,0,0,0,0,0,0.000775756,0,0,0,0,-0.0283327,0,0.133945,0,0,0,0,0,0,0,0,0,0,0,0,0,-0.0448693,0,0,0,0,0,0,0,0,0,0,0,0,0,0.14488,0,0,0,0.000477232,0,0,0,0,0,0,0,0,-0.110676,0,0.000317951,0,0,-0.0447874,0,0,0,0,-0.000874867,0,0,0.000377329,0,0,0,0,0,0,0,0,0,0,0,-3.35142e-05,0,0,0,0,0,-0.0406989,0,0,0,0,0,0,0,0,0,0,0,0,0,0,0,0,0,0.0129859,0,0,0,0,0,0,0,3.17937e-05,0,0,0,0,0,0,0,0,0,0,0,0,0,0,0,0,0,0,0.023795,0.000889321,0,0.208688,0,0,0,0,0,0,0,0,0,0.0785385,0,0,0,0,0,0,0,0,0,0,0,0,0,0,-0.0851687,0,0,0,0,0,0,0,-0.00225846,0,0,0,0,2.83018e-05,0,0,0,0.112923,0,0,0.0219586,0,0,0,0,0,0,0,0,0,0,0,0,0,0,0.000288412,-0.31712,0,0,0,0,0,0,0,0,0,0,0,0,0,0,0,-0.000180981,0,0,0,0,0,0,0,0,0,0,0,0,0,0,0,0,0,0,0,0,0,0,0,0.0021042,0.00139196,0,0,0,0,0,0,0,0,0,0,0.0441757,0,0,0.000164897,0,0,0,0,0,0,0,0,0,0,0,0,0,0,0,0,0,0,0,0,0,0,0,0,0,0,0,0,0,0,0,0,0,0,0.0637888,0,0,0,0,0,0,0,0,0,0,0,-0.0428727,-0.0808838,0,0.00100721,0,0.0032303,0.0648411,0,0,0.000167462,0.000419226,0.155193,0,0,0,0,0,0,0,0,0,0,0,-0.0750611,0,0,0,0,0,0.000577106,0,0,0,0,0,0,0,0,0,0.12823,0,0,0,0,0,0,0,0,0,0,0,0,0,0,0,0,0,0,0,0,0,0,0,0,0,0,0,0,0,0,0.000152609,0,0,0,0,0,0,0,0,0,0,0,0,0,0,0,0,-0.00242407,0,0,0,0,0,0,-0.0749344,0,0,-0.000487291,0,0,0,-0.167328,0,0,0,0,0,0,0,0,0,0,0,0,0,0,0,0,0,0,0,0,0,0,0
12,0,-0.135383,0,0,0,0,0,-0.00174703,0,0,0,-0.0286433,0,0,0,0,0,0,0,0,0,0,0,0,0,0,0,0,0,0,0,0,0,0,0,0,0,0,0,0,0,0,0,0,0,0,0,0,0,0,0,0,0,0,0,0,0,0,0,0,-0.00137433,0,0,0,0,0.0233165,0,0,0,0,0,0,0,0,0,0,0,0,0,0,0,0,0,0,0,0,0,0,-0.000209782,0,0,0,0.0408547,0,0,0,0,0,0,0.000880021,0,0,0,0,0,0,-0.000527769,0,0.106352,0,0,0.000360396,0.230637,0,0,0,0,0,0.0590693,0.0024715,0.337597,0.0617143,0,0,0,0,0,0,0,0,0,0,0,0,0,0,0,0,0,0,0,0,0,0,-0.000666787,0,0,0,0,0,0,0,0,0,0,0,0,0,-0.0578923,-0.190009,0,0,0,0,-0.209708,0,0,0,0,0,0,0,0,0,0,0,0,0,0,0,0,0,0,0,0,0,0,0,0,-0.00471067,0,0,0,-0.00263828,0,0,0,0,-0.0122651,0,0,0,0,0,0,0,0,0,0,0.153179,0,0,0.0449035,0,0,0,0,0,0,0,0,0,0,0,0,0,0,0,0,0,0,0,0,0,0,0,0,0,0,0,0,0,0,0,0,-0.163397,0,0,0,0,0,0,0,0,0.0707494,0.0195047,0,0,0,0,0,0,0,0,0,0,0,0,0,0,0,0,0,0,0,0,0,0,0,0,0,-0.00335762,0,0,0,0,0,0,0,-0.00106835,0,0,0,0,0,0,0,0,0,0,0,0,0,0,0,0,0,0,0,0,0,0,0,0,0,0,0,0,0,0,0,0,0,0,0,0,0,-0.00048498,0,0,0,0,0,0,0,0,0,0,0.0255,0,0,0,0,0,0,0,0,0,0,0,0,0,0,0,0,0,0,0,0,0,0,0,0,0,0,0,0,0,0,0,0,0,0,0,0,-0.000380125,-0.128339,0,0,0,0.000221811,0.00252863,0,0,0,0,0.000237716,0,0,0,0,0,0,0,0,0,0,0,0,0,0,0.0499381,0,0.000165349,0.155348,0,0,0,0,0,0,0,0,0.000798016,0.00603755,0,0,0,0,0,0.0518881,0,0.13025,0,0,0,0,0,0,0,0,0,0,0.000593437,0,0,0,0,0,0,0,0,0,0,0,0,0,0,0,0,0,0,0,0,0.0469586,0,0,0,0,0,0,0,0,0,0,0,0,0,0,-0.00541702,0,0,0,0,0,0,0,0,0,0,0,0,0,0,0,0,0,0,0,-9.99505e-05,0,0,0,0,0,0,0,0,0,0
13,0,-0.318677,0,0,0,0,0,-0.04368,-0.00745414,0,0,0,0,0,0,-0.000463362,0,0,0,0,0,0,0,0,0.000359107,0.00050064,0,0,0,0,0,0,0,0,0,0,0,0,0,0,0,0,0,0.172476,0,0,0,0,0,0,0,0,0,0,0,0,0,0,0,0,0,0,0,0,0,0.0329073,0,0,0,0,0,0,0,0,0,0,0,0.124538,0,0.0778932,0,0,0,0,0,0,0,0,0,0,0,0,0,0,0,0.000288283,0,0,0.00277974,0,0,0,0,0,0,-0.0181916,-0.000259078,-0.000726898,0,0,0,0.287748,0,0.0562232,0,0,0,0,0.171054,0.0440624,0,0.22293,0.177019,0,0,0,0,0,0,0,0,0,0,0,0,0,0,0,0,0,0,0,0,0,-0.186335,-0.0419991,0,-0.00305041,0,0,0,0,0,0,0,0,0,-0.0488604,-0.0031776,0,0,0,0,0,0,0,0,0,0,0,0,0,0,0,0,0,0,0,0,0,0,0,0,0,0,0,0,0,0,0,0,0,0,0,0,0,0,0,-0.000326025,0,0,0,0,0,0,0,0,0,0,0,0,0,0,0,0,0,0,0,0,0,0,0,-0.0480877,0,0,0,0,0,0,0,0,0,0,0,0,0,0,0,0,0,-0.000141418,0,0,0,0,0,0,0,0,0,0,0,0,0,0,0,0,0,0,0,0,0,0,0,0,0,0,0,0,0,0,0,0,0,0,0,0,0,0,0,0,0,0,0,0,0,0,0,0,0,0,0,0,0,0,0,0,0,0,0,0,0,0,0,0,0,0,0,0,0,0,0,0,0,0,0,0,0,0,0,0,0,0,0,0,0,0,0,0,0,0,0,0,0,0,0,0,0,0,0,0,0,0,0,0,0,0,0,0,0,0,-0.052988,0,0,0,0,0,0.000176436,0,0,0,0,0,0,0,0,0,0,0,0,0,0,0,0,0,0,0,-2.33806e-05,0,0,0,0,0,-0.000170537,0,0,1.79595e-05,0.00126503,0,-0.00215057,0,0,0,0.00459731,0,0,0,0,0,0,0,0,0,0,0,0,0,0,0.110952,0,0,0,0,-5.83063e-05,0.000244446,0.00290834,0,0.000497474,0,0,0,0.00019323,0,0,0,0,0,0,0,0,0,0,0,0,0,0.000294877,0,0,0,0,0,0,0.00018846,0,0.000448061,0,0,0,0,0,0,0,0.0802707,0,0,0,0,0,0,5.52696e-05,0,0,0,0,0,0,0,0,0,0,0,0,0,0,0,0,0,0,0,0,0,0,0,0,0,0,0,0,0,-0.000406482,-0.088868,0,0,0,0,0,0,0,0,0
14,0,-0.0155539,0,5.57901e-05,0,0,0,0,0,0,0,0,0,0,0,0,0,0,0.106912,0,0,0,0.303107,0,0,0.0406682,0,0,0,0,0,0,0,0,0,0,0,-0.0242328,0,0,0,0,0,0,0,0,0,0,0,0.000116399,0,0,0,0,0,0,0,0,0,0,0,0,0,0,0,0,0,0,0,0,0,0,0,0,0,0,0.00454318,0,0,0,0,0,-0.000367209,0,0.0567918,0,-0.0584521,0,0,0,0,0,0,0,-0.000108369,0,0.145264,0,0,0,0,0,0,0,-0.348999,-0.308593,0,-0.126559,0,0,0,0,0,0.100685,0,0,0,0,0,0,0,0,0.0007168,0.108025,0,0,0,0,0,0,0,0,0,0,0.00385268,0,0,0,0,0,-0.000889184,0,0,0,0,0,0,0,0.00195168,0.000503582,0,0,0,0,0,0,0,0,0,0,0,0,0,0,0,0,0,0,0,0,0,-0.0154269,0,0,0,0,0.000431433,0,0,0,0,0.0991189,0,0,0,0,0,0,0,0,0,0,0,0,0,0.00105872,0,0,0,0,0,0,0,0,0,0.00240452,0.0767313,0,0,0,0,0,0,0,0,0,0,0,0,0,0,0,0,0,0,0,0,0,0,0,0,0,0,0,0,0,0,0,0,0,0,0,0,0,0,0,0,0,0,0,0,0,0,0,0.000283297,0,0,0,0,0,0,-0.0753606,0,0,-0.0747481,0,0,0,0,0,0,0,0,0.00218304,0,0,0.107514,0,0,0,0,0,0,0,0.0881501,0,0.000439623,0,0.0292903,0,0,0,0,0,0.000527094,0,0,0,0.0296473,0,0,0,0,0,0,0,0,0,0,0,0,0,0,0,0,0,0.0629093,0,0,0,0,0,0,0,0,0,0,0,0,0,0,0,0.000173025,0,0,0,0,0,0.000788469,0,0,0,0,0,0,0,0,0,0,7.12239e-05,0,0,0.0348966,0,0,0,0,0,0,0,0.128852,0,0,0,0,0,0,0,0,0,0,0,0,0,0,0,0,0,0,0,0,0,0,0,0,0,0,0,0,-0.00289597,0,0,0,0,0,0,0,0,0,0,0,0,0,0,0,3.09518e-05,0,0,0,0,0,-0.0115562,0,0,0,-0.0124875,0,0,0,0,0,0,0,0,0,0,0,0,-0.0204717,-0.0366621,0.144402,0,0,0,-0.00173224,0,0,0,0,-0.0052289,0,0,0,-0.0244459,0,0,0,0,0,-0.0145314,0,0,0,0,0,0,-0.000405642,0,0,0.000164416,0,0,0,0,0,0,0,0,0,0,0,0.000382402,0,0.000320672,0,0,0,0,0,-0.282935,0,0,0,0,0,0,0.00236048,0,0,0,0,0,0,0,0,0,0,0,0,-0.000385937
15,0,0,0,0.224598,0,0,0,0,0,0,0,0,0,0,0,0,0,0,0.19842,0,0,0,0.14439,0,0,0.0012793,0,0,0,0,0,0,0,0,0,0,0,0,0,0,0,0,0,0,0.0165201,0,0,0,0,0,0,0,0,0,0,0,0,0,0,0,0,0,0,0,0,0,-0.221759,-0.000737798,0,0,0,0,0,0,0,0,0,0,0,0,0.00748335,0,0,0,0.119834,-0.000123093,-0.00141883,0,0,0,0,0,0,0,0,0,0,0,0,0,-0.069376,0,0,0,-0.000197284,-0.135721,0,0,0,0,0,0,0,0,0,0,0,0,0,0,0,0,0,0,0,0,0,0,0,0,0,0,0,0,0,0,0,0,0,0,0,0,0,0,0,0,0,0,0.000279607,0,0,0,0,0,0,0,0,0,0,0,0,0,0,0,0,0,0,0,0,0,0,0,0,0.000131096,0.00183804,0.00607211,0,0,0,0.00348474,0,0,0,0,0,0.000927048,0,0,0,0,0,0,0,0,0,0,0,0,0,-0.00115463,0,0,0,0,0,0,0,0,0,0,0,0,0,0,0,0,0,0,0,0,-7.34316e-05,0,0,0.00106163,0,0,0,0,0,0,0,0,0,0.00150683,0,0,-0.0821244,-0.00142396,0,0,0,0,0,0,0,0,0,0,0,0,0,0,0,0,0,0,0,0,0,0,0,0,0,0,0,0,0,0,0,0,0,0,0,0,0,0,0,0,0,0,0,0,0,0,0,0,0,0,0,0,0.130175,0,0,0.0186577,0.00127744,0,0,8.74417e-05,0.124751,0,0,0,0,0,0,0,0,0,0,0,0,-0.462977,0,0,0,0,0.0046191,0,0,0,0,0,0,0,0,0,0,0,0,0,0,0,0,0,0,0,0,0,0,0,0,0,0,0,0,0,0,0,0,0,0,0,0,0,0,0,0,0,0,0,0.10446,0,0,0,0,0,0,0,0,0,0.000698937,0,0,0,0,0,0,0,-0.00020662,0,0,-0.0160928,0,0,0,0,0,0,-0.000355152,0,0,0,0,0,-0.000182815,0,0,0,0,0,0,0,0,0,0,0,0,0,-0.00806003,0,0,-0.0234736,0,0,0,0,0.022364,0,0,0,0,0.00761706,0,0.0371162,-0.023125,0,-0.172668,0,-0.000678518,-0.00102525,0,0,0,0,0,0,0,0,-0.0104727,-0.0433285,0,0,0,0,0,0,0,0,0,0,0,0,0,0,0,-0.000295512,0,-0.000803053,-0.0395505,0,0,0,0,-0.000193245,0,0,-0.000178826,0,0,0,0,0,0,0,0,0,0,-0.142383,0,-0.000707211,0,0,0,0,0,0,-0.102347,0,0,0,0,0,0,-0.000371206,0,0,0,0,0,0
